Id,RI,Na,Mg,Al,Si,K,Ca,Ba,Fe,Class
1,1.52101,13.64,4.49,1.1,71.78,0.06,8.75,0.0,0.0,1
2,1.51761,13.89,3.6,1.36,72.73,0.48,7.83,0.0,0.0,1
3,1.51618,13.53,3.55,1.54,72.99,0.39,7.78,0.0,0.0,1
4,1.51766,13.21,3.69,1.29,72.61,0.57,8.22,0.0,0.0,1
5,1.51742,13.27,3.62,1.24,73.08,0.55,8.07,0.0,0.0,1
6,1.51596,12.79,3.61,1.62,72.97,0.64,8.07,0.0,0.26,1
7,1.51743,13.3,3.6,1.14,73.09,0.58,8.17,0.0,0.0,1
8,1.51756,13.15,3.61,1.05,73.24,0.57,8.24,0.0,0.0,1
9,1.51918,14.04,3.58,1.37,72.08,0.56,8.3,0.0,0.0,1
10,1.51755,13.0,3.6,1.36,72.99,0.57,8.4,0.0,0.11,1
11,1.51571,12.72,3.46,1.56,73.2,0.67,8.09,0.0,0.24,1
12,1.51763,12.8,3.66,1.27,73.01,0.6,8.56,0.0,0.0,1
13,1.51589,12.88,3.43,1.4,73.28,0.69,8.05,0.0,0.24,1
14,1.51748,12.86,3.56,1.27,73.21,0.54,8.38,0.0,0.17,1
15,1.51763,12.61,3.59,1.31,73.29,0.58,8.5,0.0,0.0,1
16,1.51761,12.81,3.54,1.23,73.24,0.58,8.39,0.0,0.0,1
17,1.51784,12.68,3.67,1.16,73.11,0.61,8.7,0.0,0.0,1
18,1.52196,14.36,3.85,0.89,71.36,0.15,9.15,0.0,0.0,1
19,1.51911,13.9,3.73,1.18,72.12,0.06,8.89,0.0,0.0,1
20,1.51735,13.02,3.54,1.69,72.73,0.54,8.44,0.0,0.07,1
21,1.5175,12.82,3.55,1.49,72.75,0.54,8.52,0.0,0.19,1
22,1.51966,14.77,3.75,0.29,72.02,0.03,9.0,0.0,0.0,1
23,1.51736,12.78,3.62,1.29,72.79,0.59,8.7,0.0,0.0,1
24,1.51751,12.81,3.57,1.35,73.02,0.62,8.59,0.0,0.0,1
25,1.5172,13.38,3.5,1.15,72.85,0.5,8.43,0.0,0.0,1
26,1.51764,12.98,3.54,1.21,73.0,0.65,8.53,0.0,0.0,1
27,1.51793,13.21,3.48,1.41,72.64,0.59,8.43,0.0,0.0,1
28,1.51721,12.87,3.48,1.33,73.04,0.56,8.43,0.0,0.0,1
29,1.51768,12.56,3.52,1.43,73.15,0.57,8.54,0.0,0.0,1
30,1.51784,13.08,3.49,1.28,72.86,0.6,8.49,0.0,0.0,1
31,1.51768,12.65,3.56,1.3,73.08,0.61,8.69,0.0,0.14,1
32,1.51747,12.84,3.5,1.14,73.27,0.56,8.55,0.0,0.0,1
33,1.51775,12.85,3.48,1.23,72.97,0.61,8.56,0.09,0.22,1
34,1.51753,12.57,3.47,1.38,73.39,0.6,8.55,0.0,0.06,1
35,1.51783,12.69,3.54,1.34,72.95,0.57,8.75,0.0,0.0,1
36,1.51567,13.29,3.45,1.21,72.74,0.56,8.57,0.0,0.0,1
37,1.51909,13.89,3.53,1.32,71.81,0.51,8.78,0.11,0.0,1
38,1.51797,12.74,3.48,1.35,72.96,0.64,8.68,0.0,0.0,1
39,1.52213,14.21,3.82,0.47,71.77,0.11,9.57,0.0,0.0,1
40,1.52213,14.21,3.82,0.47,71.77,0.11,9.57,0.0,0.0,1
41,1.51793,12.79,3.5,1.12,73.03,0.64,8.77,0.0,0.0,1
42,1.51755,12.71,3.42,1.2,73.2,0.59,8.64,0.0,0.0,1
43,1.51779,13.21,3.39,1.33,72.76,0.59,8.59,0.0,0.0,1
44,1.5221,13.73,3.84,0.72,71.76,0.17,9.74,0.0,0.0,1
45,1.51786,12.73,3.43,1.19,72.95,0.62,8.76,0.0,0.3,1
46,1.519,13.49,3.48,1.35,71.95,0.55,9.0,0.0,0.0,1
47,1.51869,13.19,3.37,1.18,72.72,0.57,8.83,0.0,0.16,1
48,1.52667,13.99,3.7,0.71,71.57,0.02,9.82,0.0,0.1,1
49,1.52223,13.21,3.77,0.79,71.99,0.13,10.02,0.0,0.0,1
50,1.51898,13.58,3.35,1.23,72.08,0.59,8.91,0.0,0.0,1
51,1.5232,13.72,3.72,0.51,71.75,0.09,10.06,0.0,0.16,1
52,1.51926,13.2,3.33,1.28,72.36,0.6,9.14,0.0,0.11,1
53,1.51808,13.43,2.87,1.19,72.84,0.55,9.03,0.0,0.0,1
54,1.51837,13.14,2.84,1.28,72.85,0.55,9.07,0.0,0.0,1
55,1.51778,13.21,2.81,1.29,72.98,0.51,9.02,0.0,0.09,1
56,1.51769,12.45,2.71,1.29,73.7,0.56,9.06,0.0,0.24,1
57,1.51215,12.99,3.47,1.12,72.98,0.62,8.35,0.0,0.31,1
58,1.51824,12.87,3.48,1.29,72.95,0.6,8.43,0.0,0.0,1
59,1.51754,13.48,3.74,1.17,72.99,0.59,8.03,0.0,0.0,1
60,1.51754,13.39,3.66,1.19,72.79,0.57,8.27,0.0,0.11,1
61,1.51905,13.6,3.62,1.11,72.64,0.14,8.76,0.0,0.0,1
62,1.51977,13.81,3.58,1.32,71.72,0.12,8.67,0.69,0.0,1
63,1.52172,13.51,3.86,0.88,71.79,0.23,9.54,0.0,0.11,1
64,1.52227,14.17,3.81,0.78,71.35,0.0,9.69,0.0,0.0,1
65,1.52172,13.48,3.74,0.9,72.01,0.18,9.61,0.0,0.07,1
66,1.52099,13.69,3.59,1.12,71.96,0.09,9.4,0.0,0.0,1
67,1.52152,13.05,3.65,0.87,72.22,0.19,9.85,0.0,0.17,1
68,1.52152,13.05,3.65,0.87,72.32,0.19,9.85,0.0,0.17,1
69,1.52152,13.12,3.58,0.9,72.2,0.23,9.82,0.0,0.16,1
70,1.523,13.31,3.58,0.82,71.99,0.12,10.17,0.0,0.03,1
71,1.51574,14.86,3.67,1.74,71.87,0.16,7.36,0.0,0.12,2
72,1.51848,13.64,3.87,1.27,71.96,0.54,8.32,0.0,0.32,2
73,1.51593,13.09,3.59,1.52,73.1,0.67,7.83,0.0,0.0,2
74,1.51631,13.34,3.57,1.57,72.87,0.61,7.89,0.0,0.0,2
75,1.51596,13.02,3.56,1.54,73.11,0.72,7.9,0.0,0.0,2
76,1.5159,13.02,3.58,1.51,73.12,0.69,7.96,0.0,0.0,2
77,1.51645,13.44,3.61,1.54,72.39,0.66,8.03,0.0,0.0,2
78,1.51627,13.0,3.58,1.54,72.83,0.61,8.04,0.0,0.0,2
79,1.51613,13.92,3.52,1.25,72.88,0.37,7.94,0.0,0.14,2
80,1.5159,12.82,3.52,1.9,72.86,0.69,7.97,0.0,0.0,2
81,1.51592,12.86,3.52,2.12,72.66,0.69,7.97,0.0,0.0,2
82,1.51593,13.25,3.45,1.43,73.17,0.61,7.86,0.0,0.0,2
83,1.51646,13.41,3.55,1.25,72.81,0.68,8.1,0.0,0.0,2
84,1.51594,13.09,3.52,1.55,72.87,0.68,8.05,0.0,0.09,2
85,1.51409,14.25,3.09,2.08,72.28,1.1,7.08,0.0,0.0,2
86,1.51625,13.36,3.58,1.49,72.72,0.45,8.21,0.0,0.0,2
87,1.51569,13.24,3.49,1.47,73.25,0.38,8.03,0.0,0.0,2
88,1.51645,13.4,3.49,1.52,72.65,0.67,8.08,0.0,0.1,2
89,1.51618,13.01,3.5,1.48,72.89,0.6,8.12,0.0,0.0,2
90,1.5164,12.55,3.48,1.87,73.23,0.63,8.08,0.0,0.09,2
91,1.51841,12.93,3.74,1.11,72.28,0.64,8.96,0.0,0.22,2
92,1.51605,12.9,3.44,1.45,73.06,0.44,8.27,0.0,0.0,2
93,1.51588,13.12,3.41,1.58,73.26,0.07,8.39,0.0,0.19,2
94,1.5159,13.24,3.34,1.47,73.1,0.39,8.22,0.0,0.0,2
95,1.51629,12.71,3.33,1.49,73.28,0.67,8.24,0.0,0.0,2
96,1.5186,13.36,3.43,1.43,72.26,0.51,8.6,0.0,0.0,2
97,1.51841,13.02,3.62,1.06,72.34,0.64,9.13,0.0,0.15,2
98,1.51743,12.2,3.25,1.16,73.55,0.62,8.9,0.0,0.24,2
99,1.51689,12.67,2.88,1.71,73.21,0.73,8.54,0.0,0.0,2
100,1.51811,12.96,2.96,1.43,72.92,0.6,8.79,0.14,0.0,2
101,1.51655,12.75,2.85,1.44,73.27,0.57,8.79,0.11,0.22,2
102,1.5173,12.35,2.72,1.63,72.87,0.7,9.23,0.0,0.0,2
103,1.5182,12.62,2.76,0.83,73.81,0.35,9.42,0.0,0.2,2
104,1.52725,13.8,3.15,0.66,70.57,0.08,11.64,0.0,0.0,2
105,1.5241,13.83,2.9,1.17,71.15,0.08,10.79,0.0,0.0,2
106,1.52475,11.45,0.0,1.88,72.19,0.81,13.24,0.0,0.34,2
107,1.53125,10.73,0.0,2.1,69.81,0.58,13.3,3.15,0.28,2
108,1.53393,12.3,0.0,1.0,70.16,0.12,16.19,0.0,0.24,2
109,1.52222,14.43,0.0,1.0,72.67,0.1,11.52,0.0,0.08,2
110,1.51818,13.72,0.0,0.56,74.45,0.0,10.99,0.0,0.0,2
111,1.52664,11.23,0.0,0.77,73.21,0.0,14.68,0.0,0.0,2
112,1.52739,11.02,0.0,0.75,73.08,0.0,14.96,0.0,0.0,2
113,1.52777,12.64,0.0,0.67,72.02,0.06,14.4,0.0,0.0,2
114,1.51892,13.46,3.83,1.26,72.55,0.57,8.21,0.0,0.14,2
115,1.51847,13.1,3.97,1.19,72.44,0.6,8.43,0.0,0.0,2
116,1.51846,13.41,3.89,1.33,72.38,0.51,8.28,0.0,0.0,2
117,1.51829,13.24,3.9,1.41,72.33,0.55,8.31,0.0,0.1,2
118,1.51708,13.72,3.68,1.81,72.06,0.64,7.88,0.0,0.0,2
119,1.51673,13.3,3.64,1.53,72.53,0.65,8.03,0.0,0.29,2
120,1.51652,13.56,3.57,1.47,72.45,0.64,7.96,0.0,0.0,2
121,1.51844,13.25,3.76,1.32,72.4,0.58,8.42,0.0,0.0,2
122,1.51663,12.93,3.54,1.62,72.96,0.64,8.03,0.0,0.21,2
123,1.51687,13.23,3.54,1.48,72.84,0.56,8.1,0.0,0.0,2
124,1.51707,13.48,3.48,1.71,72.52,0.62,7.99,0.0,0.0,2
125,1.52177,13.2,3.68,1.15,72.75,0.54,8.52,0.0,0.0,2
126,1.51872,12.93,3.66,1.56,72.51,0.58,8.55,0.0,0.12,2
127,1.51667,12.94,3.61,1.26,72.75,0.56,8.6,0.0,0.0,2
128,1.52081,13.78,2.28,1.43,71.99,0.49,9.85,0.0,0.17,2
129,1.52068,13.55,2.09,1.67,72.18,0.53,9.57,0.27,0.17,2
130,1.5202,13.98,1.35,1.63,71.76,0.39,10.56,0.0,0.18,2
131,1.52177,13.75,1.01,1.36,72.19,0.33,11.14,0.0,0.0,2
132,1.52614,13.7,0.0,1.36,71.24,0.19,13.44,0.0,0.1,2
133,1.51813,13.43,3.98,1.18,72.49,0.58,8.15,0.0,0.0,2
134,1.518,13.71,3.93,1.54,71.81,0.54,8.21,0.0,0.15,2
135,1.51811,13.33,3.85,1.25,72.78,0.52,8.12,0.0,0.0,2
136,1.51789,13.19,3.9,1.3,72.33,0.55,8.44,0.0,0.28,2
137,1.51806,13.0,3.8,1.08,73.07,0.56,8.38,0.0,0.12,2
138,1.51711,12.89,3.62,1.57,72.96,0.61,8.11,0.0,0.0,2
139,1.51674,12.79,3.52,1.54,73.36,0.66,7.9,0.0,0.0,2
140,1.51674,12.87,3.56,1.64,73.14,0.65,7.99,0.0,0.0,2
141,1.5169,13.33,3.54,1.61,72.54,0.68,8.11,0.0,0.0,2
142,1.51851,13.2,3.63,1.07,72.83,0.57,8.41,0.09,0.17,2
143,1.51662,12.85,3.51,1.44,73.01,0.68,8.23,0.06,0.25,2
144,1.51709,13.0,3.47,1.79,72.72,0.66,8.18,0.0,0.0,2
145,1.5166,12.99,3.18,1.23,72.97,0.58,8.81,0.0,0.24,2
146,1.51839,12.85,3.67,1.24,72.57,0.62,8.68,0.0,0.35,2
147,1.51769,13.65,3.66,1.11,72.77,0.11,8.6,0.0,0.0,3
148,1.5161,13.33,3.53,1.34,72.67,0.56,8.33,0.0,0.0,3
149,1.5167,13.24,3.57,1.38,72.7,0.56,8.44,0.0,0.1,3
150,1.51643,12.16,3.52,1.35,72.89,0.57,8.53,0.0,0.0,3
151,1.51665,13.14,3.45,1.76,72.48,0.6,8.38,0.0,0.17,3
152,1.52127,14.32,3.9,0.83,71.5,0.0,9.49,0.0,0.0,3
153,1.51779,13.64,3.65,0.65,73.0,0.06,8.93,0.0,0.0,3
154,1.5161,13.42,3.4,1.22,72.69,0.59,8.32,0.0,0.0,3
155,1.51694,12.86,3.58,1.31,72.61,0.61,8.79,0.0,0.0,3
156,1.51646,13.04,3.4,1.26,73.01,0.52,8.58,0.0,0.0,3
157,1.51655,13.41,3.39,1.28,72.64,0.52,8.65,0.0,0.0,3
158,1.52121,14.03,3.76,0.58,71.79,0.11,9.65,0.0,0.0,3
159,1.51776,13.53,3.41,1.52,72.04,0.58,8.79,0.0,0.0,3
160,1.51796,13.5,3.36,1.63,71.94,0.57,8.81,0.0,0.09,3
161,1.51832,13.33,3.34,1.54,72.14,0.56,8.99,0.0,0.0,3
162,1.51934,13.64,3.54,0.75,72.65,0.16,8.89,0.15,0.24,3
163,1.52211,14.19,3.78,0.91,71.36,0.23,9.14,0.0,0.37,3
164,1.51514,14.01,2.68,3.5,69.89,1.68,5.87,2.2,0.0,5
165,1.51915,12.73,1.85,1.86,72.69,0.6,10.09,0.0,0.0,5
166,1.52171,11.56,1.88,1.56,72.86,0.47,11.41,0.0,0.0,5
167,1.52151,11.03,1.71,1.56,73.44,0.58,11.62,0.0,0.0,5
168,1.51969,12.64,0.0,1.65,73.75,0.38,11.53,0.0,0.0,5
169,1.51666,12.86,0.0,1.83,73.88,0.97,10.17,0.0,0.0,5
170,1.51994,13.27,0.0,1.76,73.03,0.47,11.32,0.0,0.0,5
171,1.52369,13.44,0.0,1.58,72.22,0.32,12.24,0.0,0.0,5
172,1.51316,13.02,0.0,3.04,70.48,6.21,6.96,0.0,0.0,5
173,1.51321,13.0,0.0,3.02,70.7,6.21,6.93,0.0,0.0,5
174,1.52043,13.38,0.0,1.4,72.25,0.33,12.5,0.0,0.0,5
175,1.52058,12.85,1.61,2.17,72.18,0.76,9.7,0.24,0.51,5
176,1.52119,12.97,0.33,1.51,73.39,0.13,11.27,0.0,0.28,5
177,1.51905,14.0,2.39,1.56,72.37,0.0,9.57,0.0,0.0,6
178,1.51937,13.79,2.41,1.19,72.76,0.0,9.77,0.0,0.0,6
179,1.51829,14.46,2.24,1.62,72.38,0.0,9.26,0.0,0.0,6
180,1.51852,14.09,2.19,1.66,72.67,0.0,9.32,0.0,0.0,6
181,1.51299,14.4,1.74,1.54,74.55,0.0,7.59,0.0,0.0,6
182,1.51888,14.99,0.78,1.74,72.5,0.0,9.95,0.0,0.0,6
183,1.51916,14.15,0.0,2.09,72.74,0.0,10.88,0.0,0.0,6
184,1.51969,14.56,0.0,0.56,73.48,0.0,11.22,0.0,0.0,6
185,1.51115,17.38,0.0,0.34,75.41,0.0,6.65,0.0,0.0,6
186,1.51131,13.69,3.2,1.81,72.81,1.76,5.43,1.19,0.0,7
187,1.51838,14.32,3.26,2.22,71.25,1.46,5.79,1.63,0.0,7
188,1.52315,13.44,3.34,1.23,72.38,0.6,8.83,0.0,0.0,7
189,1.52247,14.86,2.2,2.06,70.26,0.76,9.76,0.0,0.0,7
190,1.52365,15.79,1.83,1.31,70.43,0.31,8.61,1.68,0.0,7
191,1.51613,13.88,1.78,1.79,73.1,0.0,8.67,0.76,0.0,7
192,1.51602,14.85,0.0,2.38,73.28,0.0,8.76,0.64,0.09,7
193,1.51623,14.2,0.0,2.79,73.46,0.04,9.04,0.4,0.09,7
194,1.51719,14.75,0.0,2.0,73.02,0.0,8.53,1.59,0.08,7
195,1.51683,14.56,0.0,1.98,73.29,0.0,8.52,1.57,0.07,7
196,1.51545,14.14,0.0,2.68,73.39,0.08,9.07,0.61,0.05,7
197,1.51556,13.87,0.0,2.54,73.23,0.14,9.41,0.81,0.01,7
198,1.51727,14.7,0.0,2.34,73.28,0.0,8.95,0.66,0.0,7
199,1.51531,14.38,0.0,2.66,73.1,0.04,9.08,0.64,0.0,7
200,1.51609,15.01,0.0,2.51,73.05,0.05,8.83,0.53,0.0,7
201,1.51508,15.15,0.0,2.25,73.5,0.0,8.34,0.63,0.0,7
202,1.51653,11.95,0.0,1.19,75.18,2.7,8.93,0.0,0.0,7
203,1.51514,14.85,0.0,2.42,73.72,0.0,8.39,0.56,0.0,7
204,1.51658,14.8,0.0,1.99,73.11,0.0,8.28,1.71,0.0,7
205,1.51617,14.95,0.0,2.27,73.3,0.0,8.71,0.67,0.0,7
206,1.51732,14.95,0.0,1.8,72.99,0.0,8.61,1.55,0.0,7
207,1.51645,14.94,0.0,1.87,73.11,0.0,8.67,1.38,0.0,7
208,1.51831,14.39,0.0,1.82,72.86,1.41,6.47,2.88,0.0,7
209,1.5164,14.37,0.0,2.74,72.85,0.0,9.45,0.54,0.0,7
210,1.51623,14.14,0.0,2.88,72.61,0.08,9.18,1.06,0.0,7
211,1.51685,14.92,0.0,1.99,73.06,0.0,8.4,1.59,0.0,7
212,1.52065,14.36,0.0,2.02,73.42,0.0,8.44,1.64,0.0,7
213,1.51651,14.38,0.0,1.94,73.61,0.0,8.48,1.57,0.0,7
214,1.51711,14.23,0.0,2.08,73.36,0.0,8.62,1.67,0.0,7
68,1.5217945835253452,13.098237646344447,3.6370129413688024,0.8607235295491447,72.25877529502435,0.1770129413688026,9.909369410885473,0.0,0.14402588273760522,1
25,1.5173118187624817,13.278346579562204,3.5101653420437797,1.1652480130656695,72.88812003266418,0.538120032664174,8.45541335510945,0.0,0.0,1
4,1.5164036689334401,13.08577928896014,3.6073110973730897,1.5500885317003308,72.90546633695415,0.5969775579694343,8.005466336954152,0.0,0.1900885317003307,1
59,1.518028956374776,13.55235677294891,3.7049179282671956,1.2028894422495042,72.71153605562085,0.48694641428488633,8.170328286931218,0.15129143434772002,0.0,1
35,1.5184045964407464,13.237234705472757,3.535439710787727,1.330879421575454,72.43012702980089,0.5426382647263621,8.763680867636818,0.05016318133500266,0.0,1
27,1.5175004183434666,13.007141995525954,3.48,1.3622687048296362,72.87865647585183,0.5721007643111136,8.43,0.0,0.0,1
157,1.5189378928707329,13.556445040426468,3.587798196518716,0.9052700732424254,72.37357277846435,0.30611872063146234,9.138177972986185,0.0,0.0,3
151,1.5209262461508275,14.255666179065487,3.8769550492174876,0.8568857759129309,71.6219461978908,0.01056226910865142,9.404541640848183,0.0,0.0,3
155,1.5169255712839362,12.865410768523903,3.574589231476097,1.3084970087433603,72.62202393005312,0.6072946157380484,8.783687436722111,0.0,0.0,3
162,1.5208198928379542,13.933841538221959,3.668221762133218,0.8354811747554788,71.96080802853396,0.19739801395552195,9.023564335555436,0.06986139866673867,0.30945345448882644,3
160,1.518101723122792,13.407956027574265,3.367284609650993,1.5322043972425734,72.10102198621287,0.5677956027574266,8.912043972425733,0.0,0.0,3
156,1.5165303240592256,13.329110021260911,3.392186215641597,1.2756275687168062,72.7208899787391,0.52,8.634696490508821,0.0,0.0,3
155,1.5163236832866958,13.415029260295652,3.395029260295652,1.2498244382260857,72.66514630147826,0.5552048220695667,8.48403441024347,0.0,0.0,3
149,1.5164782196832076,12.352878732831025,3.528929570964399,1.3553577425786396,72.85606763033529,0.5682140858071201,8.51392677226408,0.0,0.017859141928798505,3
154,1.5169442781102018,13.258471327910588,3.4910297199627447,1.0378874832909024,73.0063588112015,0.35250531526854945,8.707441607947842,0.0,0.0,3
158,1.517336017832721,13.460171351024755,3.3732762163250816,1.4751108095407155,72.24977838091857,0.5478729727915308,8.739193512932898,0.0,0.05017135102475542,3
149,1.5164710546907583,12.208548800976121,3.5245616323064812,1.3421800589031752,72.8860900294516,0.555011779564419,8.53228081615324,0.0,0.0,3
148,1.5161764640726743,13.058900105973109,3.527682906888659,1.342317093111341,72.7209760484495,0.5623170931113409,8.376341862226818,0.0,0.0,3
149,1.5166977995918185,13.235599183637092,3.564719020364509,1.3967231021790543,72.6903182040016,0.5617603265451636,8.437359510182254,0.0,0.10308057145403633,3
161,1.5187112396749674,13.576212720648858,3.4579877836913893,1.1509486130643194,72.32650736900493,0.34680560381405784,8.853550126085063,0.08165648640949102,0.17165648640949102,3
148,1.5161215904812206,13.326761427816896,3.5314393654147125,1.3414393654147128,72.67107952406104,0.56,8.33395825489046,0.0,0.003598413536781675,3
157,1.5166591721945382,13.424525055925674,3.3986681785362896,1.2636007433097232,72.6200866168761,0.5103947210814093,8.67342750955754,0.0,0.0,3
157,1.5174001118162077,13.523105005589857,3.457498148497172,1.1523008001404849,72.48493668588488,0.44520475436799833,8.832427428370735,0.0,0.0,3
152,1.5211847267833896,14.305155532891819,3.891753073828788,0.8364326024135453,71.51962768428749,0.009731372882030197,9.470702192759363,0.0,0.0,3
160,1.518575502265768,13.562442258846048,3.440282904230632,1.2375058015391316,72.25667145557638,0.3871333848080045,8.84568129076917,0.06690242019219345,0.15690242019219344,3
156,1.5165234865278463,13.301000170034378,3.392945941350422,1.2741081172991555,72.74899982996563,0.52,8.629378410547044,0.0,0.0,3
149,1.516595700412342,12.822801649368355,3.550685261544831,1.3684111569268986,72.77339600612964,0.5638629476910337,8.474766529219304,0.0,0.06137052308966243,3
161,1.5197365860060243,13.65144167946727,3.504458533680929,1.304525281320488,71.84845987211108,0.4366560997393032,9.046065409209408,0.0,0.1382946760498722,3
158,1.5204153272916532,13.837518721161663,3.6445112326969977,0.8439743252640052,71.88624063941917,0.23373796496750243,9.468517651380997,0.0,0.0,3
149,1.516423889678969,13.218110838174361,3.482888773968152,1.5873339366672015,72.55811083817436,0.583555613015924,8.359444516269905,0.0,0.1001113553176768,3
147,1.51733842982105,13.504400228919671,3.6280390746409035,1.2058827760772897,72.74514150249848,0.26980462679548267,8.543180577139383,0.0,0.03551213928788503,3
149,1.5165694664780256,12.717865912102525,3.5458271255603018,1.3654962753361812,72.79185692287085,0.5648345748879396,8.483511173991456,0.0,0.05165425112060407,3
149,1.5166766024767024,13.193204953404756,3.5138459440857055,1.5578211770619321,72.59705089749046,0.5787180186380981,8.411922972042852,0.0,0.13275653261667172,3
162,1.5211521530787993,13.999813788209252,3.6970096530367647,0.85467310202451,71.80607311492739,0.2057944821357231,9.053551721913298,0.05186896685202196,0.32504689539491427,3
156,1.5195523812444927,13.575804696968698,3.6901237995336458,0.8633868130024361,72.10832491323562,0.30410055685098364,9.316147042216308,0.0,0.0,3
151,1.5188852569070481,13.710909772795837,3.667719828608582,1.3100456875422641,72.00585459547464,0.30970689518855743,8.91704224390117,0.0,0.08775028697009128,3
150,1.5190149541748557,13.888182714334087,3.7386137417208203,1.0524513289794095,72.01032951942335,0.24426028280092033,8.98403227134095,0.0,0.0,3
160,1.520117232284285,13.802096572658385,3.631439092268833,0.6793425196104472,72.29255627567639,0.13921838812071977,9.20588050056506,0.08765516436215928,0.14024826297945486,3
149,1.5171694259274187,13.35093654302239,3.603897277034619,1.3235045382756343,72.57673717441956,0.5024773480624642,8.54785497238288,0.0,0.08972809786829718,3
158,1.520634599571973,13.89062965411114,3.6763777924666834,0.7711364743618664,71.85968517294444,0.1995952223571249,9.518593673876218,0.0,0.0,3
150,1.5165144508582171,12.536190186603378,3.493129272385473,1.507385690313658,72.73261430968634,0.5815160261205116,8.472419869397442,0.0,0.06525748134956554,3
157,1.5199537546504407,13.685782890167577,3.7070435215642425,0.794767940322794,72.03124617954067,0.257101328988215,9.39698571414027,0.0,0.0,3
155,1.5168313721727518,12.90073543521803,3.5392645647819694,1.2986846013283249,72.7005231893734,0.5896322823909846,8.742475325578964,0.0,0.0,3
159,1.5204779617855062,13.877328928528053,3.6738778571183888,0.646548928590336,72.12665928580994,0.1295732142912753,9.352487142772615,0.0587196428738259,0.09395142859812144,3
158,1.5206513578651961,13.949037371767567,3.7033261602372964,0.7322097410769749,71.83048131411623,0.1861048705384874,9.510744279440214,0.0,0.0,3
156,1.5164925635363167,13.173872315969014,3.396381829298135,1.2672363414037306,72.87612768403099,0.52,8.605327194913057,0.0,0.0,3
157,1.5165985714609784,13.414817004394541,3.390802834065757,1.2896340087890827,72.61591497802729,0.5224085021972706,8.655619838460298,0.0,0.0,3
149,1.5164868756016727,12.387502406691462,3.5305325188283083,1.356319511296985,72.84997642845244,0.5678934962343383,8.511041466109043,0.0,0.021065037656616797,3
148,1.516233384923881,12.857089815331005,3.5259580326096667,1.3440419673903334,72.75892328258733,0.5640419673903333,8.410839347806666,0.0,0.0,3
159,1.5179084054460246,13.476998054991205,3.391449319246922,1.5253001945008795,72.0665009725044,0.5746998054991205,8.843001945008794,0.0,0.0,3
162,1.5215997150531977,14.074209748219012,3.720758475832983,0.9948230914209563,71.4650190655688,0.2744311431252628,9.119804025852154,0.0,0.32018326376864475,3
159,1.5195546917354688,13.760057421476457,3.556269752057704,1.1147919008485268,71.86639884297836,0.34428978513364017,9.22216647932118,0.0,0.04583930578701657,3
157,1.5208276129402685,13.925224154593469,3.7438806391682258,0.6453729633733053,71.8634326437892,0.1547760023104831,9.57298527602597,0.0,0.0,3
155,1.5166187936942674,12.980452364649711,3.4595476353502876,1.2765410098195245,72.8776719214438,0.5497738176751438,8.649472241242002,0.0,0.0,3
158,1.5203151551169671,13.884071449843885,3.6498652451651967,0.8691037314413584,71.83130053306306,0.23665496806002367,9.418717014846914,0.0,0.024780319837830717,3
159,1.5178513641394615,13.516295379080779,3.387158965134633,1.5702502767038071,71.99431793026928,0.5754317930269266,8.799136413946146,0.0,0.04111386275766048,3
162,1.5208672019203997,13.943235038346517,3.672320744005753,0.8382138293371686,71.93877600096909,0.19859355033501128,9.027834108339327,0.06729953499640444,0.31167373633644946,3
152,1.5200607042608576,14.083700832581378,3.8131253060960946,0.7674502203891881,72.02124816342344,0.020849926536937295,9.295400685655252,0.0,0.0,3
150,1.5185863639211319,13.122344229265499,3.6893012995930046,1.1183245373990465,72.27071366727822,0.3160480506104932,8.957708546340221,0.0,0.0,3
159,1.5180787848300463,13.519371064592187,3.3746196713903296,1.5916233626003837,71.93451762322863,0.5531873779011206,8.840701309919693,0.0,0.08671057393717577,3
150,1.5201564522031383,14.111598596676743,3.8253487510483852,0.9170931237768838,71.8950295257023,0.03421515576949008,9.213168285137762,0.0,0.0,3
147,1.5173623882740142,13.514322416510959,3.6302171158194785,1.1993486525415642,72.74683553452626,0.2589144209026069,8.547052650345739,0.0,0.03309209353391264,3
157,1.5206680115072992,13.95788994303122,3.716966578905729,0.6614145804486209,71.88886056197333,0.1576856828341922,9.53369345650197,0.0,0.0,3
153,1.517788511794482,13.638634352583505,3.6498774418985196,0.6511555478139582,72.99931717629175,0.06096295651163186,8.929754883797038,0.0,0.0,3
159,1.5187101207563427,13.622327384880517,3.452322554626805,1.387653294104636,71.90537904201494,0.46382906217917386,9.003877364716292,0.0,0.06922742520896881,3
166,1.5208131089529018,11.790882843807452,1.546107887416914,1.6079525906369325,73.04115423129508,0.5588010937720973,11.189773287445199,0.0,0.0,5
167,1.5191893660754128,12.790740324546038,0.294878883053562,1.853554452854138,73.32528638485569,0.5230382641677727,10.907233403700314,0.2420647547454613,0.0,5
173,1.5213748328230714,13.000788220454064,1.1985270594389075,2.019211779545935,72.19022293020028,0.6475477677969685,10.3491560677175,0.17866241879834643,0.37965763994648616,5
170,1.5154614755086229,12.908635776461676,0.0,2.243404099924246,72.77527307751336,2.790367633279874,9.044429173315498,0.0,0.0,5
170,1.5226348471036404,13.352946133728503,0.0,1.6175232182204724,72.46915416898393,0.4175603673732283,11.929307753134488,0.0,0.0,5
168,1.5171392917604873,12.736617962646774,0.178429407864666,1.8043744999343299,73.78319255530747,0.9225453702487589,10.287687481783077,0.0,0.0,5
173,1.5224174067113925,13.200752461741764,0.16798231409620823,1.544367387918986,72.81557365906838,0.22328291006581952,11.746233804020237,0.0,0.14253044832405548,5
172,1.5190788361143002,12.853829499708418,0.9934505469447302,2.039797009913794,72.83101495043103,0.8404194938767743,9.879986486295637,0.1480920069979722,0.3146955148706909,5
171,1.5183780498138064,12.855617219862738,0.7056276020990634,1.9790145246668829,73.13492737666559,0.8779616171175135,9.96400933354872,0.10518672329427031,0.22352178700032443,5
166,1.5213439770392991,11.755695444335029,1.5393449672686539,1.5763079536945857,73.0212675420909,0.45369204630541426,11.431743938259448,0.0,0.0,5
166,1.5215948802756314,11.254932730423201,1.782148234286687,1.56,73.19384720066896,0.5333158484027318,11.530875710587033,0.0,0.0,5
168,1.5205795848223072,12.817916964461432,0.0,1.6344322656096246,73.40973380546751,0.36665622766539263,11.687901305959521,0.0,0.0,5
172,1.513191795010519,13.007281995792418,0.0,3.0272819957924186,70.6198980462834,6.21,6.940922993688628,0.0,0.0,5
175,1.5207134281837937,12.876248167303677,1.3300195487607847,2.0256350798297795,72.44466902031208,0.6221971216556986,10.0434135222231,0.1875036653926471,0.4596910126679535,5
173,1.5145245212724243,12.973245835703711,0.28716136344683585,2.8683930689876953,70.96397442105672,5.237932030568165,7.424060234004804,0.04280666287406248,0.09096415860738277,5
169,1.5201835307868108,13.034724494098178,0.25866546847685745,1.7324823969705472,73.00661003742496,0.47,11.332382921363253,0.0,0.0,5
174,1.5205522467228996,12.868213088097127,1.5401831622943454,2.152220556857566,72.21685982114896,0.7474242963138883,9.770250482660348,0.2295925210873558,0.48788410731063114,5
167,1.517507426846818,12.815756831290624,0.6296143239411249,1.8402099620098562,73.4750048402757,0.844077135211775,10.142773434640384,0.0,0.0,5
170,1.5199935987706743,13.23482580674506,0.13483440747726183,1.7943367124631537,72.95881413269834,0.4942869429617428,11.184328111730954,0.02009953900282166,0.042711520380996015,5
169,1.5198908145374237,13.236379557226257,0.11518114653966993,1.7662260079210632,73.00883157306839,0.4780938102973822,11.243420102570923,0.0,0.0,5
169,1.519869450505167,13.2217762946711,0.1652108423304881,1.768930315801648,72.99963692627439,0.48160941054214235,11.21015711563973,0.0,0.0,5
174,1.520495389952312,13.148955501831473,0.701852154813825,1.7356684218674814,72.21948468892114,0.5174511966272949,11.27938755684552,0.10462392369895526,0.22232583786027998,5
166,1.5209750774792872,11.952928872460332,1.1960127034949781,1.5927440727050277,73.18380249674972,0.4372559272949723,11.453658763606704,0.0,0.0,5
165,1.5167097966402636,13.537335956667889,1.7553725283722197,2.8617310363763453,71.22173956734449,1.231486674210405,7.822758018437775,1.4409774486637623,0.0,5
169,1.516691346742119,12.862586217699725,0.0,1.8288852509914975,73.87259806658354,0.967101652577893,10.179230121790402,0.0,0.0,5
170,1.5213821584458789,13.335377849546509,0.0,1.6907763945978127,72.71849377569016,0.41231366216484394,11.67380953872229,0.0,0.0,5
168,1.5197171135324556,13.117647224716453,0.5219493227306709,1.7882134769043607,72.93407417852518,0.5066775199756688,10.972974234076364,0.0,0.0,5
172,1.5223922921768525,13.193811056058815,0.6718037283818757,1.8261889439411843,72.20330922413959,0.503598534464612,11.180135732863377,0.10014465516251563,0.21280739222034573,5
175,1.520909568298018,13.121285523437592,0.20823360308681665,1.4694112010289389,72.96935244702719,0.20379781631102023,11.723856570312774,0.0,0.1766830571645717,5
165,1.5156572204441452,13.618681900811135,1.7680586905859506,2.9317380646561704,71.24770366588136,1.438403608326875,7.333189414358364,1.4513914624213027,0.0,5
168,1.5177202822553244,12.783015809844432,0.0,1.767012935327263,73.8345093421808,0.7635423991282511,10.645902266416234,0.0,0.0,5
172,1.521927695873409,13.40756495472532,0.0,1.4826948641759576,72.23621752263735,0.32540584087911345,12.38055186285695,0.0,0.0,5
171,1.5156764735990405,13.112790324448389,0.0,2.564913538824247,71.42646130937358,4.079534150664983,8.578263258379907,0.0,0.0,5
167,1.5211240071841048,11.371455183291879,1.3473364202303642,1.579087556829981,73.50574602908104,0.537583207044487,11.600912443170019,0.0,0.0,5
168,1.517905324255597,12.76958041708536,0.0,1.7560203412516577,73.82657024645953,0.7275111185470999,10.728957421654142,0.0,0.0,5
168,1.5187978380308493,12.053351835782605,0.753753202629369,1.7109863364269418,73.68605180751057,0.7980913748389158,10.809147452521978,0.0,0.0,5
174,1.5206028275661225,13.286764076170714,0.07504354844796213,1.4250145161493206,72.50924134918387,0.2845190615466896,12.220292228512141,0.0,0.06367331383463454,5
175,1.5211466960857714,12.99336132214966,0.31119698461125006,1.50373232820375,73.32504412865704,0.14139576690227268,11.340083966448976,0.0,0.2640459263368183,5
169,1.5202550079016508,12.9656703323035,0.3345846639002461,1.7244058868191228,72.99974500379625,0.47,11.336017350931394,0.0,0.0,5
166,1.5193385060103026,12.858852209573945,1.408561874607781,1.8361384797085287,72.771129168991,0.5689800236210872,10.383496699585097,0.0,0.0,5
167,1.5206376847968979,11.80166344889801,0.8904071443381378,1.6031364660874665,73.58858116096793,0.4841411864722968,11.576863533912533,0.0,0.0,5
173,1.5214293521507536,13.398392984369698,0.0,1.4551789531090906,72.24080350781514,0.3269345026050505,12.420297067731314,0.0,0.0,5
171,1.52015161727548,13.317505918985335,0.0,1.6045260833207244,72.6931398471949,0.40953792129139277,11.829608949115404,0.0,0.0,5
169,1.520132675911084,12.995099337052174,0.2098572025182059,1.735455297951087,73.08031663920028,0.4834995861269021,11.35681705307337,0.0,0.0,5
168,1.517783628970366,12.436032780253687,0.3961660905826201,1.7674474593816916,73.7780625263998,0.8796463302179989,10.505930310727953,0.0,0.0,5
168,1.520398472179085,12.82706925071446,0.4869648003841014,1.7081952340016913,72.98596594890144,0.47,11.343312144699238,0.0,0.0,5
164,1.5152931258257556,13.894148223934897,2.4100149914308906,3.331763073018503,70.29195529260849,1.6084741208641538,6.303184901808645,1.9783705153537163,0.0,5
171,1.5148325974012407,12.934155467775742,0.0,2.4603214760938106,72.19561151766528,3.7455332224635014,8.453830602904247,0.0,0.0,5
167,1.51987631500645,12.540386036155354,0.17340208521105108,1.6416988363462794,73.66791071497987,0.3883011636537205,11.518931781795038,0.0,0.0,5
169,1.5174442467727283,12.924703147678867,0.0,1.8021107122073843,73.69481512905703,0.8974878517391989,10.400923302922859,0.0,0.0,5
166,1.5216024360921714,11.274955644254165,1.7885706783456754,1.56,73.17193533270299,0.5291601493057394,11.522942103220048,0.0,0.0,5
172,1.515035034346986,13.07321831704105,0.0,2.678314520475098,71.33184695816907,4.653432815497669,8.120475599297079,0.0,0.0,5
170,1.5207837160492437,13.20022123877118,0.0,1.6833529143227675,72.90626335110318,0.5887175772391955,11.384237869407485,0.0,0.0,5
170,1.5219318613844255,13.360297716093951,0.0,1.664390653547581,72.59975794096411,0.390325544622984,11.80866999297903,0.0,0.0,5
169,1.5159438877901161,12.889059625908324,0.0,2.077006820220755,73.21993135436807,2.057660283997272,9.497477228978786,0.0,0.0,5
168,1.5206160578667964,12.30543336202304,0.7363432816699116,1.6738779787520572,73.20655014355829,0.5173671116863685,11.449183031871915,0.0,0.0,5
166,1.5194346113053885,12.000903973303323,2.026032501377256,2.192065002754512,72.28338620629974,0.9383873726958573,9.746611460908017,0.7167747453917148,0.0,5
169,1.5198123394492273,13.18273835769971,0.29895192269543713,1.7761595633889427,72.9750574844776,0.4910074324056253,11.121237370316006,0.0,0.0,5
172,1.513188301218911,13.008679512435656,0.0,3.0286795124356565,70.60452536320778,6.21,6.943019268653485,0.0,0.0,5
175,1.520881677739499,13.136331745796632,0.1961232289929559,1.4653744096643186,72.9275166092484,0.21113743697396614,11.768995237389891,0.0,0.1664075882364474,5
168,1.5186325497579456,12.115718338754478,0.6954763064097501,1.720187951619513,73.70104703226883,0.8113825967837411,10.759731370932244,0.0,0.0,5
174,1.5207879977844019,13.066480531743537,0.22387141508211006,1.5904004431196137,73.27422336190776,0.2393446026426745,11.286080088623923,0.0,0.1899515037060328,5
168,1.5172147400007228,12.717195643378298,0.20651706957599977,1.8003406336247234,73.76795350480451,0.9150752474531916,10.306213386316085,0.0,0.0,5
178,1.5185521167986296,14.301350358724125,2.291733578676916,1.5993065685292336,72.37655109475487,0.0,9.36691606259896,0.0,0.0,6
179,1.515650989808036,14.430124412921163,1.9910367743430226,1.5801658838948838,73.46050039935128,0.0,8.428462826305696,0.0,0.0,6
180,1.5153881767145034,14.265563330651707,1.9351500038926845,1.5920400010380493,73.7347066504039,0.0,8.340243348298543,0.0,0.0,6
178,1.5187382734037982,14.18190446245854,2.3105615543015645,1.4415207744136904,72.53772582726232,0.0,9.471684662904693,0.0,0.0,6
182,1.5193568828200088,14.426183696926598,0.6235270292143604,0.8731870922994505,73.24938041385222,0.0,10.679040476937313,0.0,0.0,6
178,1.5190334150686422,13.9988073185275,2.3570190385825747,1.324010667114665,72.64157196859634,0.0,9.611057115747723,0.0,0.0,6
177,1.5191857689928734,13.910901598426808,2.39848556205459,1.4030171019900899,72.53546846006451,0.0,9.654855620545897,0.0,0.0,6
183,1.5194804953829042,14.671218500433561,0.20174518683297085,0.8652042570037252,73.22652527808165,0.0,10.891517452207855,0.0,0.0,6
179,1.519146190918413,14.338103873274699,1.6654922388018674,1.4412142752509036,72.64124416079048,0.0,9.852215580991205,0.0,0.0,6
179,1.518453720777306,14.196623097377488,2.2044085266726334,1.6484731786618934,72.58643054529873,0.0,9.30270976799284,0.0,0.0,6
182,1.5189007409954405,14.927777013678709,0.7222215127016574,1.7659262443005384,72.5177779960918,0.0,10.018889734855716,0.0,0.0,6
181,1.5154510128703504,14.646519116045285,1.3388841501636044,1.6235658020492492,73.6934505289952,0.0,8.576076464181138,0.0,0.0,6
179,1.5183489754906698,14.512977983144236,2.0940606502064476,1.631995015051525,72.39199501505152,0.0,9.328971336546267,0.0,0.0,6
178,1.5193579896409322,13.81941312424825,2.3700471728961268,1.203481015280448,72.75362715641289,0.0,9.774411968637237,0.0,0.0,6
183,1.5178418467744788,14.515864997599493,0.479968151105515,0.8303268897031062,73.77515282855339,0.0,10.218687133038495,0.0,0.0,6
179,1.518729380932609,14.01610084731454,2.244192711969337,1.5442246607927808,72.69216974580564,0.0,9.430848729028188,0.0,0.0,6
180,1.5185340227200879,14.3730493756009,1.6117116172452004,1.7518283660244447,72.48097491865701,0.0,9.714387133956595,0.0,0.0,6
179,1.5183497823024756,14.363828469930302,2.227003847287879,1.6303969221696972,72.4553776857303,0.0,9.275595383254545,0.0,0.0,6
181,1.5179623431037295,14.898078511239449,0.9295671681527624,1.7088401733015077,72.81938822365954,0.0,9.582314044957792,0.0,0.0,6
184,1.5115455051001065,16.73945369656651,0.3740102577094863,0.597938108765163,75.22514435538497,0.0,6.852051518532711,0.0,0.0,6
182,1.5175838628281988,14.21386293240686,0.4444860095517402,1.9495015487049097,73.20236763062566,0.0,10.039563809525733,0.0,0.0,6
180,1.5149085150454833,14.292452140307454,1.8961178608440197,1.5816314295584053,73.89777427025165,0.0,8.190186442800343,0.0,0.0,6
184,1.511901731004631,17.14757605419558,0.07585384005332531,0.47614791804443,75.12700682749336,0.0,6.9709200925333,0.0,0.0,6
183,1.511864405409226,16.22297384810126,0.675579028289867,0.8059165712343911,75.07609312394868,0.0,7.014967980800273,0.0,0.0,6
183,1.5193843485465894,14.72225941353896,0.2943310292102081,1.0052700185487764,73.11019947612051,0.0,10.740768708850046,0.0,0.0,6
178,1.5183588643581962,13.886675978291596,2.303814909089558,1.2454698236099324,73.04368852646223,0.0,9.424502241515277,0.0,0.0,6
183,1.5195231630806392,14.64856774731505,0.1606577741993922,0.8030463763529266,73.27814792472384,0.0,10.958416188162529,0.0,0.0,6
183,1.5194593353406682,14.381561301271667,0.0,1.225880997693536,73.15793990961228,0.0,11.072026444956993,0.0,0.0,6
181,1.5184635750299844,14.948286802663983,0.847872321089113,1.7258599331064348,72.64493568565905,0.0,9.78314721065593,0.0,0.0,6
177,1.5191089516655198,13.961312969502599,2.3936844790949907,1.491837136742675,72.44184734235232,0.0,9.606844790949905,0.0,0.0,6
180,1.5190407388709497,14.59635378542966,1.3147027747913793,1.5595788183219272,72.58529001315691,0.0,9.890953067814449,0.0,0.0,6
178,1.5172539249884978,13.992320651569974,2.187778956472324,1.3060856197532638,73.35369502673812,0.0,9.046952425536814,0.0,0.0,6
182,1.5188906711164267,14.957986650719596,0.750273318525339,1.7533388955335016,72.50914667122298,0.0,9.985443350989017,0.0,0.0,6
182,1.5188863376274824,14.970987117553019,0.7623451805849462,1.7479220343529087,72.5054322521277,0.0,9.971049976994871,0.0,0.0,6
182,1.5164591864900705,15.738479209409,0.5357264504857657,1.301560295743682,73.41132824241849,0.0,8.916534982824393,0.0,0.0,6
183,1.5193855067459923,14.324448614824139,0.0,1.4390088276074855,73.05485847553625,0.0,11.024664704976114,0.0,0.0,6
183,1.515938641559675,15.899423890346267,0.48320057135142763,1.2072830767846137,73.60729017611197,0.0,8.694310109563732,0.0,0.0,6
178,1.5187279704103838,14.188296134298923,2.3089397868196766,1.4456228921619951,72.53410069994986,0.0,9.466819360459029,0.0,0.0,6
177,1.5192316653361124,13.880782123176262,2.4013540835070226,1.3499494551200804,72.59140462838695,0.0,9.683540835070227,0.0,0.0,6
180,1.5186077271150111,14.745415882976062,1.4537600204810395,1.6846224640700516,72.44462246407005,0.0,9.631579168402796,0.0,0.0,6
183,1.519331723918951,14.282843031641226,0.0,1.5942686868022515,72.9797654717427,0.0,10.990162514043945,0.0,0.0,6
182,1.5188996978519238,14.930906444228338,0.7251274124977423,1.7646223149048592,72.51688387307762,0.0,10.015425008175768,0.0,0.0,6
181,1.518737073239208,14.63268309802021,1.339796479768338,1.7082384976017964,72.56749319259619,0.0,9.699878168614147,0.0,0.0,6
177,1.5189650892402211,14.051393354603041,2.373241297412052,1.5667034810351794,72.3711172468392,0.0,9.535365347984907,0.0,0.0,6
182,1.5190911605429827,14.356518371052202,0.19176705883418654,2.0039506787282493,72.68099475112794,0.0,10.651354660620777,0.0,0.0,6
182,1.5169626990449923,14.494870424955037,0.7082841286139725,0.9589186471503983,73.9155540331132,0.0,9.742372766167403,0.0,0.0,6
180,1.5185921119938235,14.270279984558664,1.9075613575247585,1.6760248875163257,72.63594711402781,0.0,9.446195989191065,0.0,0.0,6
179,1.5150378078337323,14.264831166090282,1.9596493551032907,1.5467584416954858,73.81332985519204,0.0,8.259085727853101,0.0,0.0,6
180,1.514328125026016,14.32498756635353,1.8488890165835854,1.569037071088956,74.09508588627303,0.0,8.008617774865783,0.0,0.0,6
177,1.5191690951088908,13.921843834790534,2.3974434443056634,1.4222962803452277,72.51514716396044,0.0,9.644434443056634,0.0,0.0,6
181,1.5187698029038308,14.714507259577147,1.211605293329137,1.7155117564068574,72.55203751763543,0.0,9.757155081704003,0.0,0.0,6
181,1.5188103152955643,14.815788238910743,1.052931759039835,1.7245145101253994,72.53290666598353,0.0,9.82805176723752,0.0,0.0,6
180,1.518561044682808,14.703480816759694,1.569279259492169,1.675127732096534,72.43512773209653,0.0,9.57698445955507,0.0,0.0,6
178,1.518986012556601,14.372632758616986,1.7840012713400553,1.6277514106576336,72.41893157436385,0.0,9.713030755832781,0.0,0.0,6
181,1.5140953240651702,14.426395798571226,1.452945690537917,1.3783257337512407,74.37347809705493,0.0,8.18885468008469,0.0,0.0,6
178,1.5185956536449359,14.27499910964402,2.300326377289994,1.5958694490840024,72.375978241514,0.0,9.384674513065987,0.0,0.0,6
178,1.5187926628677395,14.043698758308384,2.2928916482035917,1.6085541758982043,72.51566252769462,0.0,9.448614560254489,0.0,0.0,6
182,1.5173160650731372,14.224713732855058,0.5200075806711961,1.9256297877188746,73.2809274258706,0.0,9.896767275627452,0.0,0.0,6
179,1.5189285332698552,13.945811787109948,2.2957380227860376,1.43410513313892,72.71325646386701,0.0,9.536282319335076,0.0,0.0,6
179,1.5184523720750014,14.198792748910918,2.2047017228257997,1.64823862173936,72.58473000761036,0.0,9.30235793260904,0.0,0.0,6
183,1.5117964386079696,16.333050515353662,0.6113060749277269,0.7615903965018807,75.10786021584032,0.0,6.98024581059314,0.0,0.0,6
182,1.5192211572146175,14.371661445188193,0.8775775213571394,1.000792362325504,73.15541653319667,0.0,10.458631374165039,0.0,0.0,6
180,1.5185954326844708,14.278581711176727,1.8945553191564595,1.6767628187712647,72.63437901011106,0.0,9.45200719782371,0.0,0.0,6
180,1.513512415891107,14.350051145207638,1.7948618569030854,1.5113408210207764,74.40342877036339,0.0,7.768505743356307,0.0,0.0,6
180,1.5185516558403935,14.169139600983808,2.066014625125368,1.6670346311985607,72.65505140870306,0.0,9.375397720688666,0.0,0.0,6
178,1.5190237700436833,13.912198808111798,2.3203875407180146,1.381444799375151,72.72334035756647,0.0,9.586701787832302,0.0,0.0,6
182,1.5192712250793052,14.782312612220666,0.4032647384467895,1.170067168419502,72.97333404656686,0.0,10.563402284836638,0.0,0.0,6
203,1.5160999525208165,14.816668315249425,0.0,2.1333475111450464,73.31335344604297,0.0,8.316670293548732,1.3266287492632483,0.0,7
202,1.5164582048643929,12.099788412417444,0.0,1.2535309473356746,75.10458928202432,2.56054182292169,8.902108364584338,0.028924658949575445,0.0,7
198,1.5171620283593528,14.72218595355762,0.0,2.3355628092884757,73.29084646618372,0.0,8.919925707399669,0.6585209364294919,0.0,7
212,1.5165888922722406,14.505299491205458,0.0,1.951601804741246,73.4823801478463,0.0,8.461437112414007,1.5746407218964984,0.0,7
199,1.5164774265598546,14.862857556194232,0.0,2.3074284887611536,73.35961924969496,0.0,8.729237534936708,0.6491428295870512,0.0,7
211,1.5201688131875193,14.336049525170646,0.0,2.1136245834238405,73.3318187063101,0.008709263574310733,8.520560688062375,1.576857839086247,0.0,7
213,1.5166853325687213,14.33616685781969,0.0,1.9809109327016232,73.53694476303282,0.0,8.520910932701623,1.5992220947868738,0.0,7
206,1.5172397794952224,14.899426203509769,0.0,1.8819644287945099,72.97779253188166,0.0,8.683244808709986,1.4619318371463246,0.0,7
211,1.5194034200652744,14.543706516696421,0.0,2.0101585794626917,73.3019029535523,0.0,8.426878105950255,1.6235976324378194,0.0,7
191,1.5192979160693343,15.253832385999248,0.7861843259347054,1.920318454234899,72.05561457436399,0.13317876559549655,8.695558661808631,1.086793278126827,0.05133519708517842,7
212,1.5200903932241288,14.36270341437619,0.0,2.009186342495241,73.4456824365738,0.0,8.445406828752379,1.630538049683336,0.0,7
199,1.5156283761939022,13.745857253128909,0.0,2.2763827827569942,73.64280531419418,0.7341644883444871,9.040855385995611,0.472982980247943,0.0,7
211,1.518684092892166,14.649712626417637,0.0,2.0044796807276266,73.23375616873152,0.0,8.419306240970169,1.614132801212711,0.0,7
194,1.5171519984126431,14.7299436066727,0.0,1.9978888007023894,73.04850119051774,0.0,8.528944400351195,1.5878888007023895,0.07894440035119474,7
197,1.517116874331072,14.625675844906322,0.0,2.3579094349623317,73.27552264125941,0.012536604473632241,8.991191700413362,0.6734320762217488,0.0008954717481165886,7
192,1.5162741960299702,14.758991544825479,0.0,2.254471096311005,73.28313822259223,0.0,8.684682657786603,0.9318547010769129,0.08372355481555026,7
204,1.5169216261513059,14.869248544183632,0.0,1.9022851773673997,73.05460116465309,0.0,8.432346797203989,1.636134886204126,0.0,7
203,1.5162822080784755,14.869484781689058,0.0,2.0416172663975862,73.18742589959638,0.0,8.29191167686098,1.4955898165023345,0.0,7
205,1.5165116941718102,14.873560122665886,0.0,1.9269484662863832,73.11,0.0,8.484917484569255,1.5366082822875535,0.0,7
189,1.5225845861229081,15.492816243012314,2.1190971241444836,1.4939708971828534,70.59577597328565,0.5424906942420673,8.039892384554234,1.669891708945997,0.0,7
189,1.5225245011922601,14.902954329493223,2.182910643104847,2.0253594116990135,70.26785186668157,0.7392156470194081,9.70688443127182,0.07759491779420985,0.0,7
192,1.5162173741421352,14.239080036247957,0.0,2.7653495155974426,73.44917783611595,0.0375950746924334,9.023165522847034,0.41442955184539965,0.09,7
211,1.516881222783613,14.837139535796087,0.0,2.000807886635293,73.09602628878432,0.0,8.426419278441827,1.5996070103424826,0.0,7
196,1.5154621452096655,14.110189030820983,0.0,2.6645424604256944,73.37233424048651,0.08662465981755957,9.107539738966171,0.6320821993918652,0.04558356012162696,7
188,1.522499769943912,14.797833352419046,2.249908435381892,2.02366315669564,70.35281217807861,0.7529953073148222,9.719285223767404,0.0,0.0,7
192,1.5161618006825346,14.411093125487904,0.0,2.656848951615322,73.40154344217258,0.027009653816129006,8.949067576712903,0.477942077103226,0.09,7
193,1.5162721752335744,14.225305140144707,0.0,2.7330634346744076,73.44805035048722,0.03718831776169915,9.003448130902088,0.4822417054703001,0.08859415888084957,7
186,1.5176685721975107,14.256605443342533,3.253962423175479,2.1787432250324423,71.40697699743754,1.4901878841226033,5.753774539052876,1.5857244366201817,0.0,7
206,1.51730326480174,14.949807641399309,0.0,1.8013465102048305,72.99230830320828,0.0,8.61115415160414,1.5467299037882687,0.0,7
192,1.5161344358276188,14.495793866894424,0.0,2.6034223301127475,73.37808785224462,0.02179730049880462,8.912581103491632,0.5092161970071722,0.09,7
209,1.5168179291858785,14.210664565610399,0.0,2.580382241811912,72.6806645656104,0.4559354890473176,8.413996108783286,1.5744380376436977,0.0,7
188,1.5232355828655,13.842239467850227,3.0815397461898537,1.2436932584800078,72.0462268245498,0.5503619380099719,8.792343539179978,0.2875584280801628,0.0,7
199,1.5159330461294962,14.672401108727867,0.0,2.5188841813492666,73.1033050880956,0.07665254404779998,9.001760839419156,0.6129190259264888,0.002961393783088885,7
195,1.515483657941516,14.14258907242432,0.0,2.684746632777918,73.39302058449503,0.07827395171712072,9.068705463787841,0.6009382465148837,0.051726048282879286,7
210,1.5164886331886236,14.465377237300562,0.0,2.5087362292339743,72.79771763690417,0.04662797566148086,8.854622762699439,1.2810896612426894,0.0,7
199,1.5165266912184112,14.895276035841094,0.0,2.4470868583644707,73.13511777985983,0.031496134813079724,8.874409276448608,0.5781100494859928,0.0,7
210,1.5164209200782126,14.380189775815818,0.0,2.605937307081951,72.74857102450913,0.05536515119837762,8.939810224184182,1.2232058733107483,0.0,7
190,1.5197795951870616,14.806958352032966,1.8042659254458893,1.557047115719464,71.80419958118952,0.15044873776451276,8.640880889464933,1.2064930282043604,0.0,7
200,1.5150945034237027,15.101445059778284,0.0,2.2758539292089663,73.47477665443027,0.0025223345569723166,8.386663189303988,0.6306305836392431,0.0,7
210,1.5166843870701527,14.717584196853275,0.0,2.2660215497455325,72.98271396607124,0.0,8.786430169643745,1.2035698303562548,0.0,7
190,1.5189212369883804,14.588944501038139,1.7985587565716792,1.6118359369118813,72.10896239907234,0.11506429074441002,8.647729492113985,1.1014811209188942,0.0,7
213,1.5171024952043066,14.249916573185962,0.0,2.077402186106179,73.35134062035392,0.0,8.613649788259549,1.6676908320943813,0.0,7
204,1.516214161179363,14.93384347096483,0.0,2.239841145801015,73.27953506322211,0.0,8.663684616765845,0.7820186013105153,0.0,7
200,1.5160950692195274,12.816296554547653,0.0,1.7140559404053706,74.43847866935839,1.7517082983140915,8.983475095959731,0.22816040942818852,0.0,7
195,1.515734978385318,14.239906215542563,0.0,2.5686291367722265,73.3294011479496,0.06689754550261488,8.98155843214265,0.7705050675929678,0.05491342043651942,7
212,1.5198080455543144,14.329080768943745,0.0,2.034270414333656,73.40572958566635,0.0,8.482811243000969,1.647135207166828,0.0,7
211,1.5193124955952986,14.557105912271789,0.0,2.0094407546997255,73.2932890563967,0.0,8.4259210062663,1.622401257832876,0.0,7
